Model / baseline,Model id,Attempts,Successes,Parse failures,Failure rate
DeepSeek V3.2,deepseek-v3.2,2161,2160,1,0.00046274872744099955
Doubao Seed 2.0 Pro,doubao-seed-2.0-pro,670,669,1,0.0014925373134328358
Gemini 3 Flash Preview,gemini-3-flash-preview,1033,1030,3,0.002904162633107454
GLM-4.7,glm-4.7,85,85,0,0.0
GPT-5,gpt-5,466,463,3,0.006437768240343348
o3 Mini,o3-mini,2023,2022,1,0.0004943153732081067
Qwen Plus,qwen-plus,1295,1295,0,0.0
