Species,Seats,Mean score,Median,Std.,Min,Max,95% bootstrap CI
Caylion,30,10.033288888888888,8.0,5.313438216802782,5.416666666666667,31.5,"[8.40, 12.07]"
Eni,25,6.99,6.666666666666667,3.2680517188436657,2.3333333333333335,18.75,"[5.87, 8.29]"
Faderan,9,17.212888888888887,12.833,11.967390557260176,6.25,39.333333333333336,"[10.15, 24.30]"
Im,30,5.825011111111111,5.375,1.7657770488029292,3.0,10.833333333333332,"[5.27, 6.49]"
Kit,8,7.979125,7.5,2.9880187359301886,4.0,14.0,"[6.11, 10.01]"
Yengii,27,9.907407407407407,9.333333333333334,4.031018442851593,2.6666666666666665,20.416666666666668,"[8.52, 11.52]"
